{
  "results": [
    {
      "command": "sudo -n scripts/mount_benchmark_probe.sh --bin target/release/ffs-cli --image baselines/hyperfine/20260218/mount_probe.ext4 --mount-root /tmp/ffs_mount_probe_manual_warm --mode warm",
      "mean": 0.058348479593333336,
      "stddev": 0.003212762531492846,
      "median": 0.058274781260000005,
      "user": 0.01148606,
      "system": 0.051559959999999995,
      "min": 0.055173200260000006,
      "max": 0.06159745726,
      "times": [
        0.055173200260000006,
        0.058274781260000005,
        0.06159745726
      ],
      "exit_codes": [
        0,
        0,
        0
      ]
    }
  ]
}
