{
  "results": [
    {
      "command": "target/release/ffs-cli parity --json",
      "mean": 0.00121787142,
      "stddev": 0.00023596460195548634,
      "median": 0.0012633336199999999,
      "user": 0.00057378,
      "system": 0.0007655400000000002,
      "min": 0.0008680581199999998,
      "max": 0.00162086912,
      "times": [
        0.00087602312,
        0.0008680581199999998,
        0.0012910401199999998,
        0.0014374451199999998,
        0.00123562712,
        0.0013195531200000002,
        0.00107840212,
        0.00131438412,
        0.00162086912,
        0.00113731212
      ],
      "exit_codes": [
        0,
        0,
        0,
        0,
        0,
        0,
        0,
        0,
        0,
        0
      ]
    }
  ]
}
