{
  "results": [
    {
      "command": "target/release/ffs-harness check-fixtures",
      "mean": 0.0008200787800000002,
      "stddev": 0.00010657072182822492,
      "median": 0.00081523538,
      "user": 0.000211628,
      "system": 0.0008047399999999998,
      "min": 0.0006723938799999999,
      "max": 0.00103010388,
      "times": [
        0.0006723938799999999,
        0.00072662488,
        0.00084596788,
        0.0008066138799999999,
        0.00077498588,
        0.00090372588,
        0.00082385688,
        0.0007150228799999999,
        0.00090149188,
        0.00103010388
      ],
      "exit_codes": [
        0,
        0,
        0,
        0,
        0,
        0,
        0,
        0,
        0,
        0
      ]
    }
  ]
}
