{
  "results": [
    {
      "command": "target/release/ffs-harness parity",
      "mean": 0.0007809548999999997,
      "stddev": 0.0003655354621346759,
      "median": 0.0007277580999999997,
      "user": 0.0005197199999999999,
      "system": 0.0004616159999999999,
      "min": 0.00047987959999999967,
      "max": 0.0017521725999999997,
      "times": [
        0.0017521725999999997,
        0.0005710895999999997,
        0.0009142925999999997,
        0.0007577295999999997,
        0.00047987959999999967,
        0.0006203015999999997,
        0.0007283745999999997,
        0.0005092935999999996,
        0.0007492735999999997,
        0.0007271415999999997
      ],
      "exit_codes": [
        0,
        0,
        0,
        0,
        0,
        0,
        0,
        0,
        0,
        0
      ]
    }
  ]
}
