{
  "results": [
    {
      "command": "rch exec -- cargo bench -p ffs-block --bench arc_cache -- block_cache_arc_mixed_seq70_hot30",
      "mean": 77.31128264678,
      "stddev": null,
      "median": 77.31128264678,
      "user": 0.5159469999999999,
      "system": 0.43288512,
      "min": 77.31128264678,
      "max": 77.31128264678,
      "times": [
        77.31128264678
      ],
      "exit_codes": [
        0
      ]
    }
  ]
}
