{
  "results": [
    {
      "command": "rch exec -- cargo bench -p ffs-block --bench arc_cache -- writeback_sync_100x4k",
      "mean": 74.51376357832,
      "stddev": null,
      "median": 74.51376357832,
      "user": 0.4889339,
      "system": 0.35928652,
      "min": 74.51376357832,
      "max": 74.51376357832,
      "times": [
        74.51376357832
      ],
      "exit_codes": [
        0
      ]
    }
  ]
}
