{
  "results": [
    {
      "command": "target/release/ffs-cli inspect conformance/golden/ext4_8mb_reference.ext4 --json",
      "mean": 0.00474401142,
      "stddev": 0.0014725746454086462,
      "median": 0.00457032472,
      "user": 0.00133592,
      "system": 0.0029051199999999998,
      "min": 0.0030995092200000003,
      "max": 0.00740011722,
      "times": [
        0.0031376302199999997,
        0.0030995092200000003,
        0.0056003352200000005,
        0.00389228422,
        0.00357027122,
        0.00740011722,
        0.00680585422,
        0.00445594022,
        0.00479346322,
        0.00468470922
      ],
      "exit_codes": [
        0,
        0,
        0,
        0,
        0,
        0,
        0,
        0,
        0,
        0
      ]
    }
  ]
}
