{
  "results": [
    {
      "command": "rch exec -- cargo bench -p ffs-block --features s3fifo --bench arc_cache -- block_cache_s3fifo_mixed_seq70_hot30",
      "mean": 155.12844819475998,
      "stddev": null,
      "median": 155.12844819475998,
      "user": 0.47892218,
      "system": 0.37334652,
      "min": 155.12844819475998,
      "max": 155.12844819475998,
      "times": [
        155.12844819475998
      ],
      "exit_codes": [
        0
      ]
    }
  ]
}
