{
  "results": [
    {
      "command": "/data/tmp/cargo-target/release/ffs-cli parity --json",
      "mean": 0.0009868060000000002,
      "stddev": 0.0003201705586173477,
      "median": 0.0009883048000000002,
      "user": 0.00034122,
      "system": 0.0007640440000000003,
      "min": 0.0004664773000000002,
      "max": 0.0015727793000000002,
      "times": [
        0.0015727793000000002,
        0.0007423143000000003,
        0.0011213443000000001,
        0.0010879913000000003,
        0.0012147383000000002,
        0.0008886183000000002,
        0.0007705673000000001,
        0.0004664773000000002,
        0.0007654273000000003,
        0.0012378023000000004
      ],
      "exit_codes": [
        0,
        0,
        0,
        0,
        0,
        0,
        0,
        0,
        0,
        0
      ]
    }
  ]
}
