{
  "results": [
    {
      "command": "/data/tmp/cargo-target/release/ffs-harness parity",
      "mean": 0.0009257797200000001,
      "stddev": 0.00029092561400851817,
      "median": 0.00083387152,
      "user": 0.000425858,
      "system": 0.0006265740000000002,
      "min": 0.00063328102,
      "max": 0.00157219902,
      "times": [
        0.0007430160199999999,
        0.0007172880199999999,
        0.00157219902,
        0.00108124002,
        0.0011966770199999999,
        0.00063328102,
        0.0006968900200000001,
        0.0009494630199999999,
        0.00091770402,
        0.00075003902
      ],
      "exit_codes": [
        0,
        0,
        0,
        0,
        0,
        0,
        0,
        0,
        0,
        0
      ]
    }
  ]
}
