{
  "results": [
    {
      "command": "/data/tmp/cargo-target/release/ffs-harness check-fixtures",
      "mean": 0.0011672859400000003,
      "stddev": 0.0004708665711016115,
      "median": 0.00109996804,
      "user": 0.00035023199999999996,
      "system": 0.00082784,
      "min": 0.0007753600400000002,
      "max": 0.0023650170400000003,
      "times": [
        0.0011062300400000002,
        0.0007753600400000002,
        0.0008343600400000002,
        0.0010937060400000001,
        0.0013524810400000003,
        0.0012938310400000003,
        0.00120131804,
        0.0023650170400000003,
        0.0007945950400000002,
        0.0008559610400000002
      ],
      "exit_codes": [
        0,
        0,
        0,
        0,
        0,
        0,
        0,
        0,
        0,
        0
      ]
    }
  ]
}
