{
  "results": [
    {
      "command": "bash -lc '\"target/release/ffs-cli\" scrub \"conformance/golden/ext4_8mb_reference.ext4\" --json >/dev/null || [ $? -eq 2 ]'",
      "mean": 0.04404137752000001,
      "stddev": null,
      "median": 0.04404137752000001,
      "user": 0.0227414,
      "system": 0.03098656,
      "min": 0.04404137752000001,
      "max": 0.04404137752000001,
      "times": [
        0.04404137752000001
      ],
      "exit_codes": [
        0
      ]
    }
  ]
}
