{
  "results": [
    {
      "command": "rch exec -- cargo bench -p ffs-block --bench arc_cache -- block_cache_arc_zipf_distribution",
      "mean": 63.73060972422,
      "stddev": null,
      "median": 63.73060972422,
      "user": 0.44308236,
      "system": 0.3813771,
      "min": 63.73060972422,
      "max": 63.73060972422,
      "times": [
        63.73060972422
      ],
      "exit_codes": [
        0
      ]
    }
  ]
}
