{
  "results": [
    {
      "command": "rch exec -- cargo bench -p ffs-block --bench arc_cache -- block_cache_arc_mixed_seq70_hot30",
      "mean": 63.715014427359996,
      "stddev": null,
      "median": 63.715014427359996,
      "user": 0.47046716,
      "system": 0.35230365999999996,
      "min": 63.715014427359996,
      "max": 63.715014427359996,
      "times": [
        63.715014427359996
      ],
      "exit_codes": [
        0
      ]
    }
  ]
}
