{
  "results": [
    {
      "command": "rch exec -- cargo bench -p ffs-block --features s3fifo --bench arc_cache -- block_cache_s3fifo_mixed_seq70_hot30",
      "mean": 64.99008009532,
      "stddev": null,
      "median": 64.99008009532,
      "user": 0.51484166,
      "system": 0.34258932000000003,
      "min": 64.99008009532,
      "max": 64.99008009532,
      "times": [
        64.99008009532
      ],
      "exit_codes": [
        0
      ]
    }
  ]
}
