{
  "results": [
    {
      "command": "target/release/ffs-cli parity --json",
      "mean": 0.0016358478400000003,
      "stddev": null,
      "median": 0.0016358478400000003,
      "user": 0.00083136,
      "system": 0.0008394400000000001,
      "min": 0.0016358478400000003,
      "max": 0.0016358478400000003,
      "times": [
        0.0016358478400000003
      ],
      "exit_codes": [
        0
      ]
    }
  ]
}
