{
  "results": [
    {
      "command": "target/release/ffs-harness parity",
      "mean": 0.0006676779999999999,
      "stddev": null,
      "median": 0.0006676779999999999,
      "user": 0.0,
      "system": 0.0009272600000000001,
      "min": 0.0006676779999999999,
      "max": 0.0006676779999999999,
      "times": [
        0.0006676779999999999
      ],
      "exit_codes": [
        0
      ]
    }
  ]
}
